,N1,N2,N3,N4,N5,N6,class
0,"0.0,0.0,0.0","-3.5438871,-3.7049432,-1.9025155","-10.670662,-6.7294884,-0.29298866","-7.1047683,-10.030145,0.7923429","-2.7276278,-12.569199,-0.10655075","1.3539786,-9.955008,-0.63923395",0
1,"0.0,0.0,0.0","3.2748575,2.7976556,3.4341345","8.722706,4.628001,7.9560637","8.683278,12.148081,7.5423665","10.46743,8.432603,3.820609","7.2815456,7.799743,-0.7760303",0
2,"0.0,0.0,0.0","-3.765347,2.8136775,-0.0731273","-9.014613,4.661433,-3.6008794","-8.947884,3.229589,3.5086875","-12.385256,-0.88492656,-0.6513611","-9.215199,-4.7842894,-1.722468",0
3,"0.0,0.0,0.0","4.725794,1.4314231,-1.1761868","10.733843,3.4463108,-0.25155854","7.720665,1.2580003,-5.8517604","12.745872,-1.6779963,-2.7549987","9.269367,-5.079226,-0.8578677",0
4,"0.0,0.0,0.0","-4.4977455,-1.8578837,1.46054","-9.8582325,-2.1914153,4.2049766","-10.616344,-3.8231697,8.41621","-7.322173,-4.724035,13.072586","-3.542713,-6.839065,7.431893",0
5,"0.0,0.0,0.0","2.8700333,-1.41784,-4.333919","5.1611686,0.016163588,-11.265916","2.7648158,-5.373918,-11.357915","-6.5704017,-7.7533526,-12.466473","-2.2912853,-8.581898,-6.5130644",0
6,"0.0,0.0,0.0","2.8770201,5.350844,1.0936072","5.5740023,11.031859,-2.0318766","9.201934,8.400317,-4.3453407","11.744288,4.175626,-4.807808","10.049747,0.10989866,-2.7653608",0
7,"0.0,0.0,0.0","2.13481,2.2455022,2.8448048","5.7237797,2.1924856,5.6122313","8.904104,1.018796,9.466712","5.845484,-0.76218015,13.805674","1.3478925,-1.0442612,10.564959",0
8,"0.0,0.0,0.0","2.1815383,1.0921854,-4.6980658","7.4276114,3.0605164,-9.164961","3.0011876,5.334844,-10.743189","-1.9035447,5.0571647,-11.853862","-4.869855,3.142378,-8.576637",0
9,"0.0,0.0,0.0","3.0323246,3.4098723,-2.2674346","3.8844934,10.167394,-6.689329","7.0462456,6.514834,-8.438076","10.476157,2.6535945,-8.175081","8.683509,-1.1454211,-6.1606207",0
10,"0.0,0.0,0.0","4.1453547,0.11495352,3.7782202","11.891469,1.2981744,5.2004976","10.517482,-2.958532,8.196037","7.169651,-6.088097,10.252987","2.3871691,-7.694583,7.110977",0
11,"0.0,0.0,0.0","3.522296,0.753767,-4.598769","6.578985,-1.4615481,-8.2507","9.275682,-4.4741826,-15.034794","11.754175,-5.55272,-10.116366","8.983301,-5.760249,-1.6730454",0
12,"0.0,0.0,0.0","2.921881,3.3927553,-1.9646646","1.7232323,6.98591,-5.3706217","7.8145223,4.8958416,-7.3492246","10.756077,1.7865896,-10.887982","9.491957,-0.7162842,-6.020857",0
13,"0.0,0.0,0.0","-3.4002397,3.221215,-2.883709","-9.921826,5.44378,-2.6653204","-4.171551,9.843835,-5.568583","-5.325094,12.851778,-1.016015","-1.5698957,10.459758,2.3892636",0
14,"0.0,0.0,0.0","1.436187,-3.6158767,-3.698961","0.027441263,-7.804154,-8.550084","5.1827393,-7.373542,-8.814829","9.093543,-3.6497273,-7.7550898","9.324729,0.1348033,-4.1056037",0
15,"0.0,0.0,0.0","-3.4753857,-2.5530534,3.3884075","-7.80139,-2.8196812,8.84007","-5.856683,-7.480961,8.34202","-4.6962624,-11.565577,5.219216","-2.1587062,-10.295794,1.5081666",0
16,"0.0,0.0,0.0","1.6920376,1.2679031,-5.785238","4.9823318,4.7535615,-8.617673","7.775089,0.7121029,-9.859068","9.211085,-3.824872,-7.8082895","6.9266195,-6.903377,-4.81322",0
17,"0.0,0.0,0.0","-1.5932267,8.332013,-2.5340328","3.6580794,2.5874114,-4.8155475","9.492568,1.8321595,-7.3923817","14.208347,-0.064245224,-5.394563","9.828057,2.8186436,1.2235307",0
18,"0.0,0.0,0.0","1.5449314,-4.224141,2.6870646","2.9859,-11.382388,4.4391613","1.0382228,-10.283411,9.254776","1.1315937,-6.2460847,13.114492","-0.081382275,-2.391768,10.373361",0
19,"0.0,0.0,0.0","2.2133045,4.6331563,-1.1209974","5.0684156,11.404979,-0.51033235","5.359246,10.697373,-5.6201158","5.880747,6.5824513,-10.092964","3.6728592,2.6461303,-10.1552925",0
20,"0.0,0.0,0.0","0.1741414,5.1472917,-1.466552","1.7010086,10.185057,-5.904903","-3.1345696,11.472218,-0.5018791","-5.5351763,10.007546,-6.561138","-6.5950937,5.128483,-5.9147873",0
21,"0.0,0.0,0.0","0.8114064,5.3671994,0.76951694","-0.72292066,12.466543,-0.983001","4.3210087,12.190811,0.47091985","8.119691,10.34057,3.4459252","8.332611,5.721991,2.8807201",0
22,"0.0,0.0,0.0","3.5560799,2.7883987,-2.6453655","9.997341,4.6355333,-3.1635149","4.7909026,6.5326667,-8.14758","8.407814,1.8248885,-10.940578","5.0080633,-0.916469,-9.425853",0
23,"0.0,0.0,0.0","-4.356507,7.5448236,1.6624836","0.54427147,10.1128,-2.1955726","5.22344,8.861865,-4.391129","10.675365,4.3476753,-7.232042","10.6486025,4.2104354,-1.6021109",0
24,"0.0,0.0,0.0","5.1172028,-1.3224163,-0.6744344","8.848634,-2.8387482,-0.6236274","9.533474,-4.989544,3.880011","10.799891,-8.552836,7.9931297","6.471106,-7.2581267,5.279246",0
25,"0.0,0.0,0.0","4.144762,-2.1879153,-2.0528407","7.765231,0.06917286,-8.473996","7.530019,-5.1728973,-2.8385582","13.402426,-2.9394827,-0.6940148","9.851795,0.112965345,1.8227459",0
26,"0.0,0.0,0.0","4.015763,3.7630692,-0.58391154","6.510495,10.019863,-4.0835958","10.404858,6.2852507,-3.597763","13.87188,2.5845351,-1.8958873","10.492225,-1.2707663,-1.066926",0
27,"0.0,0.0,0.0","-0.67687774,4.9550858,2.4509869","0.2868786,10.421534,6.3006124","-6.800039,7.7662554,3.0806618","-4.6875634,13.477901,0.021924973","-2.320022,9.637743,-3.3337574",0
28,"0.0,0.0,0.0","4.4476967,2.5940402,2.0031896","7.7883935,5.287223,7.266458","9.518322,4.6145,0.54010653","13.357318,0.77087665,2.2794933","10.274188,-1.8491212,0.038665414",0
29,"0.0,0.0,0.0","-1.7199191,1.9578706,-5.2175517","-6.0523024,6.387149,-9.093741","-6.0514765,1.6266658,-11.211388","-4.2922945,-2.819615,-13.398305","-2.0290275,-5.026986,-9.462573",0
30,"0.0,0.0,0.0","2.9325528,4.201006,1.5650347","5.0430436,11.081758,1.6283066","9.337952,8.288127,2.325546","11.619959,4.40727,4.7433133","9.701393,-0.07406108,4.514863",0
31,"0.0,0.0,0.0","0.27961087,-1.4798398,4.991447","1.4590063,0.2072773,11.630555","-0.2799412,-6.9099226,8.5652895","-5.448218,-5.0559564,12.128038","-6.711768,-3.127031,7.925332",0
32,"0.0,0.0,0.0","-1.0720751,-4.338127,3.6284492","-0.06491542,-7.4121456,6.5416946","-1.2670016,-13.280396,2.9039378","6.6572523,-14.092081,2.43798","-0.39790988,-10.796235,-0.14797038",0
33,"0.0,0.0,0.0","-5.629143,1.742555,3.1652732","-4.9675016,7.171194,2.8018062","-2.7514977,6.9903555,-1.76012","-7.5074463,7.3515463,-6.2240467","-1.8709354,5.07608,-9.567377",0
34,"0.0,0.0,0.0","5.3654594,5.8228393,-2.0932746","8.78272,1.201987,-6.205616","10.78567,-3.0974503,-4.716566","12.503976,-6.0998363,-0.8871083","9.060494,-6.302117,2.6118188",0
35,"0.0,0.0,0.0","1.2225335,4.8320923,-0.3372116","3.9620144,8.35824,-2.8834472","7.56484,11.602406,-0.25550735","7.998368,9.507133,3.3585553","7.1560283,5.1719675,6.016839",0
36,"0.0,0.0,0.0","-2.2972324,-5.0240993,0.30986357","-2.8192558,-11.590214,4.1950903","-2.161128,-12.070811,-0.8606236","-4.9628935,-11.268103,-4.878889","-5.276856,-6.6413445,-5.9767056",0
37,"0.0,0.0,0.0","0.23784602,-1.8510833,5.293739","3.7550635,-4.867634,11.008118","-0.694721,-6.9614763,10.584135","-5.878017,-6.7600794,9.95448","-7.057581,-5.2618804,5.593775",0
38,"0.0,0.0,0.0","1.256896,-4.9353127,0.60715914","5.933649,-10.472454,2.3188324","3.5166788,-11.567701,-1.9935789","-0.40189886,-11.461012,-5.2300878","-2.7019167,-7.4826107,-6.612133",0
39,"0.0,0.0,0.0","-4.908823,0.58207786,2.3863864","-12.195141,0.5751297,3.4452195","-10.326402,3.2967913,7.043878","-6.68363,2.9323244,10.894603","-1.8971426,2.8279965,10.229935",0
40,"0.0,0.0,0.0","-1.6437637,3.8053422,3.0609834","-0.9066739,9.067933,6.6297593","-7.5870247,6.685252,3.9659793","-5.4648333,12.281635,1.2446487","-3.2678196,9.851127,-2.3457332",0
41,"0.0,0.0,0.0","-1.8631366,0.4842954,5.105202","-3.7642798,-1.4136908,11.629391","-6.4598355,3.066067,10.332536","-5.576955,8.079649,8.721577","-4.477625,8.562953,4.0737453",0
42,"0.0,0.0,0.0","4.6700864,0.94945097,-2.0393653","11.617462,4.297488,-0.019181967","10.125802,4.772961,-4.9923573","8.875765,3.7337708,-9.749812","4.5997176,2.6389413,-9.140457",0
43,"0.0,0.0,0.0","-4.364952,-0.12355682,3.260706","-11.414663,-0.27248904,4.6292276","-9.4207,2.4551182,8.368152","-5.579653,2.9028475,11.8917055","-1.0826992,2.5377612,10.226369",0
44,"0.0,0.0,0.0","2.3786757,4.319788,-1.255034","3.4028652,10.172615,-4.4596624","5.147479,7.1218596,-7.5206137","8.263217,3.7551875,-8.788775","9.158224,0.3072158,-5.5878296",0
45,"0.0,0.0,0.0","2.6780841,-0.658606,4.377392","6.283086,-0.3701228,9.019831","0.7314091,-6.543709,11.983854","-0.6608583,0.2906443,14.427138","-2.51666,2.220636,10.000626",0
46,"0.0,0.0,0.0","-0.0076090097,-0.022353292,5.2808394","4.5469356,-0.28623402,9.958129","9.542906,-3.426835,15.9349785","7.8113785,0.32033905,8.670085","9.093323,0.95648706,4.84858",0
47,"0.0,0.0,0.0","1.169767,5.076643,-1.9698019","1.9220662,11.612395,-0.5324397","2.9527514,8.892046,-7.4942474","8.489534,10.036923,-4.986317","8.882084,4.8308105,-3.2102327",0
48,"0.0,0.0,0.0","2.8364363,-4.221756,-3.5412753","6.166371,-6.2806096,-9.5906315","1.7903731,-9.214501,-9.783133","-1.8620794,-11.5328245,-7.2901726","-3.7991729,-9.642437,-2.2840796",0
